"Hispanic","White","Black","Native","Asian_Pacific"
0.217414392308094,0.686597540128052,0.0237170542746767,0.0259432580319338,0.0241938225816515
