"Hispanic","White","Black","Native","Asian_Pacific"
0.129992552980915,0.653754394683239,0.132513059848997,0.0017959728979729,0.0600134350183283
