"Hispanic","White","Black","Native","Asian_Pacific"
0.172565751663435,0.589666933673294,0.181720084137969,0.00567300321080496,0.0295404383727832
